<annotation>
	<folder>python</folder>
	<filename>flower.jpg</filename>
	<path>D:\learning\python\flower.jpg</path>
	<source>
		<database>Unknown</database>
	</source>
	<size>
		<width>563</width>
		<height>419</height>
		<depth>1</depth>
	</size>
	<segmented>0</segmented>
	<object>
		<name>round flower</name>
		<pose>Unspecified</pose>
		<truncated>0</truncated>
		<difficult>0</difficult>
		<bndbox>
			<xmin>167</xmin>
			<ymin>83</ymin>
			<xmax>225</xmax>
			<ymax>143</ymax>
		</bndbox>
	</object>
	<object>
		<name>rose flower</name>
		<pose>Unspecified</pose>
		<truncated>0</truncated>
		<difficult>0</difficult>
		<bndbox>
			<xmin>83</xmin>
			<ymin>80</ymin>
			<xmax>150</xmax>
			<ymax>146</ymax>
		</bndbox>
	</object>
	<object>
		<name>sun flower</name>
		<pose>Unspecified</pose>
		<truncated>0</truncated>
		<difficult>0</difficult>
		<bndbox>
			<xmin>170</xmin>
			<ymin>2</ymin>
			<xmax>229</xmax>
			<ymax>64</ymax>
		</bndbox>
	</object>
</annotation>
