<annotation>
	<folder>Desktop</folder>
	<filename>office2.jpg</filename>
	<path>D:\Desktop\office2.jpg</path>
	<source>
		<database>Unknown</database>
	</source>
	<size>
		<width>189</width>
		<height>267</height>
		<depth>3</depth>
	</size>
	<segmented>0</segmented>
	<object>
		<name>cup</name>
		<pose>Unspecified</pose>
		<truncated>0</truncated>
		<difficult>0</difficult>
		<bndbox>
			<xmin>146</xmin>
			<ymin>154</ymin>
			<xmax>175</xmax>
			<ymax>189</ymax>
		</bndbox>
	</object>
	<object>
		<name>cup</name>
		<pose>Unspecified</pose>
		<truncated>0</truncated>
		<difficult>0</difficult>
		<bndbox>
			<xmin>12</xmin>
			<ymin>169</ymin>
			<xmax>45</xmax>
			<ymax>203</ymax>
		</bndbox>
	</object>
</annotation>
